Area,Name,Category,Typical Closing Time,Address,Phone,Website,Driving Distance,Google Maps Driving Link,Vibe Tags,Latitude,Longitude
Capitol Hill,Unicorn,Bar,2:00 AM,,,,Click link,https://www.google.com/maps/dir/?api=1&origin=Little+Red+Hen+Seattle&destination=Unicorn+Seattle&travelmode=driving,"drinks, social",47.6271,-122.3191
Capitol Hill,Linda's Tavern,Bar,2:00 AM,,,,Click link,https://www.google.com/maps/dir/?api=1&origin=Little+Red+Hen+Seattle&destination=Linda's+Tavern+Seattle&travelmode=driving,"drinks, social",47.6312,-122.3191
Capitol Hill,Cha Cha Lounge,Bar,2:00 AM,,,,Click link,https://www.google.com/maps/dir/?api=1&origin=Little+Red+Hen+Seattle&destination=Cha+Cha+Lounge+Seattle&travelmode=driving,"drinks, social",47.6332,-122.3181
Capitol Hill,Canon,Cocktail Bar,1:00–2:00 AM,,,,Click link,https://www.google.com/maps/dir/?api=1&origin=Little+Red+Hen+Seattle&destination=Canon+Seattle&travelmode=driving,"date-friendly, drinks, social, upscale",47.6325,-122.3157
Capitol Hill,Q Nightclub,Nightclub,2:00 AM,,,,Click link,https://www.google.com/maps/dir/?api=1&origin=Little+Red+Hen+Seattle&destination=Q+Nightclub+Seattle&travelmode=driving,"dancey, high-energy, late-night",47.6363,-122.3156
Capitol Hill,Neighbors Nightclub,Nightclub,2:00 AM,,,,Click link,https://www.google.com/maps/dir/?api=1&origin=Little+Red+Hen+Seattle&destination=Neighbors+Nightclub+Seattle&travelmode=driving,"dancey, high-energy, late-night",47.6356,-122.3133
Capitol Hill,The Crescent Lounge,Bar,2:00 AM,,,,Click link,https://www.google.com/maps/dir/?api=1&origin=Little+Red+Hen+Seattle&destination=The+Crescent+Lounge+Seattle&travelmode=driving,"drinks, social",47.6376,-122.3123
Capitol Hill,Pony,Bar,2:00 AM,,,,Click link,https://www.google.com/maps/dir/?api=1&origin=Little+Red+Hen+Seattle&destination=Pony+Seattle&travelmode=driving,"drinks, social",47.6402,-122.3116
Capitol Hill,Lost Lake Cafe & Lounge,Diner / Bar,Late / 24h,,,,Click link,https://www.google.com/maps/dir/?api=1&origin=Little+Red+Hen+Seattle&destination=Lost+Lake+Cafe+&+Lounge+Seattle&travelmode=driving,"drinks, food-focused, late-eats, social",47.6428,-122.3109
Capitol Hill,Hot Mama's Pizza,Restaurant,2:00 AM,,,,Click link,https://www.google.com/maps/dir/?api=1&origin=Little+Red+Hen+Seattle&destination=Hot+Mama's+Pizza+Seattle&travelmode=driving,"food-focused, late-eats",47.6478,-122.3114
Capitol Hill,Life on Mars,Bar / Restaurant,1:00–2:00 AM,,,,Click link,https://www.google.com/maps/dir/?api=1&origin=Little+Red+Hen+Seattle&destination=Life+on+Mars+Seattle&travelmode=driving,"drinks, food-focused, late-eats, social",47.6486,-122.3098
Capitol Hill,Pie Bar,Dessert Bar,12:00–1:00 AM,,,,Click link,https://www.google.com/maps/dir/?api=1&origin=Little+Red+Hen+Seattle&destination=Pie+Bar+Seattle&travelmode=driving,"chill, drinks, social, sweet",47.6491,-122.3081
Capitol Hill,Rumba,Bar / Club,2:00 AM,,,,Click link,https://www.google.com/maps/dir/?api=1&origin=Little+Red+Hen+Seattle&destination=Rumba+Seattle&travelmode=driving,"dancey, drinks, high-energy, late-night, social",47.6505,-122.3067
Capitol Hill,Havana,Bar / Club,2:00 AM,,,,Click link,https://www.google.com/maps/dir/?api=1&origin=Little+Red+Hen+Seattle&destination=Havana+Seattle&travelmode=driving,"dancey, drinks, high-energy, late-night, social",47.6528,-122.3059
Capitol Hill,Bait Shop,Bar,2:00 AM,,,,Click link,https://www.google.com/maps/dir/?api=1&origin=Little+Red+Hen+Seattle&destination=Bait+Shop+Seattle&travelmode=driving,"drinks, social",47.6557,-122.3054
Capitol Hill,Bar House,Bar,2:00 AM,,,,Click link,https://www.google.com/maps/dir/?api=1&origin=Little+Red+Hen+Seattle&destination=Bar+House+Seattle&travelmode=driving,"drinks, social",47.6577,-122.3043
Capitol Hill,Sugar Hill,Bar,2:00 AM,,,,Click link,https://www.google.com/maps/dir/?api=1&origin=Little+Red+Hen+Seattle&destination=Sugar+Hill+Seattle&travelmode=driving,"drinks, social",47.66,-122.3035
Capitol Hill,Still Liquor,Bar,2:00 AM,,,,Click link,https://www.google.com/maps/dir/?api=1&origin=Little+Red+Hen+Seattle&destination=Still+Liquor+Seattle&travelmode=driving,"drinks, social",47.6626,-122.3028
Capitol Hill,Rayo,Bar,1:00–2:00 AM,,,,Click link,https://www.google.com/maps/dir/?api=1&origin=Little+Red+Hen+Seattle&destination=Rayo+Seattle&travelmode=driving,"drinks, social",47.6622,-122.3006
Capitol Hill,The Pine Box,Bar,2:00 AM,,,,Click link,https://www.google.com/maps/dir/?api=1&origin=Little+Red+Hen+Seattle&destination=The+Pine+Box+Seattle&travelmode=driving,"drinks, social",47.6666,-122.3008
Capitol Hill,Summit Public House,Pub,2:00 AM,,,,Click link,https://www.google.com/maps/dir/?api=1&origin=Little+Red+Hen+Seattle&destination=Summit+Public+House+Seattle&travelmode=driving,"drinks, social",47.6656,-122.2983
Capitol Hill,Re-bar,Club,2:00 AM,,,,Click link,https://www.google.com/maps/dir/?api=1&origin=Little+Red+Hen+Seattle&destination=Re-bar+Seattle&travelmode=driving,"dancey, high-energy, late-night",47.6688,-122.2979
Capitol Hill,Cuff Complex,Club,2:00 AM,,,,Click link,https://www.google.com/maps/dir/?api=1&origin=Little+Red+Hen+Seattle&destination=Cuff+Complex+Seattle&travelmode=driving,"dancey, high-energy, late-night",47.6726,-122.2978
Capitol Hill,Karaoke at Rock Box,Karaoke,2:00 AM+,,,,Click link,https://www.google.com/maps/dir/?api=1&origin=Little+Red+Hen+Seattle&destination=Karaoke+at+Rock+Box+Seattle&travelmode=driving,"group-fun, interactive",47.6716,-122.2953
Capitol Hill,Neumos,Music Venue / Bar,Late,,,,Click link,https://www.google.com/maps/dir/?api=1&origin=Little+Red+Hen+Seattle&destination=Neumos+Seattle&travelmode=driving,"drinks, live-music, loud, social",47.6748,-122.2949
Capitol Hill,Barboza,Music Venue / Bar,Late,,,,Click link,https://www.google.com/maps/dir/?api=1&origin=Little+Red+Hen+Seattle&destination=Barboza+Seattle&travelmode=driving,"drinks, live-music, loud, social",47.6771,-122.294
Capitol Hill,Chop Suey,Music Venue / Bar,Late,,,,Click link,https://www.google.com/maps/dir/?api=1&origin=Little+Red+Hen+Seattle&destination=Chop+Suey+Seattle&travelmode=driving,"drinks, live-music, loud, social",47.6797,-122.2934
Capitol Hill,The Alley,Bar,2:00 AM,,,,Click link,https://www.google.com/maps/dir/?api=1&origin=Little+Red+Hen+Seattle&destination=The+Alley+Seattle&travelmode=driving,"drinks, social",47.6817,-122.2923
Capitol Hill,Retro,Bar,2:00 AM,,,,Click link,https://www.google.com/maps/dir/?api=1&origin=Little+Red+Hen+Seattle&destination=Retro+Seattle&travelmode=driving,"drinks, social",47.6825,-122.2907
Capitol Hill,Twilight Exit,Bar,2:00 AM,,,,Click link,https://www.google.com/maps/dir/?api=1&origin=Little+Red+Hen+Seattle&destination=Twilight+Exit+Seattle&travelmode=driving,"drinks, social",47.6869,-122.2909
Capitol Hill,Hula Hula,Tiki / Karaoke Bar,2:00 AM,,,,Click link,https://www.google.com/maps/dir/?api=1&origin=Little+Red+Hen+Seattle&destination=Hula+Hula+Seattle&travelmode=driving,"drinks, group-fun, interactive, social",47.6877,-122.2893
Capitol Hill,Still Life,Bar,1:00–2:00 AM,,,,Click link,https://www.google.com/maps/dir/?api=1&origin=Little+Red+Hen+Seattle&destination=Still+Life+Seattle&travelmode=driving,"drinks, social",47.69,-122.2885
Capitol Hill,Vito's,Restaurant / Bar,12:00 AM,,,,Click link,https://www.google.com/maps/dir/?api=1&origin=Little+Red+Hen+Seattle&destination=Vito's+Seattle&travelmode=driving,"drinks, food-focused, late-eats, social",47.6908,-122.2869
Capitol Hill,Ocho,Bar,2:00 AM,,,,Click link,https://www.google.com/maps/dir/?api=1&origin=Little+Red+Hen+Seattle&destination=Ocho+Seattle&travelmode=driving,"drinks, social",47.6922,-122.2856
Capitol Hill,Fogón Cocina Mexicana (Bar),Restaurant / Bar,11:00 PM,,,,Click link,https://www.google.com/maps/dir/?api=1&origin=Little+Red+Hen+Seattle&destination=Fogón+Cocina+Mexicana+(Bar)+Seattle&travelmode=driving,"drinks, food-focused, late-eats, social",47.696,-122.2855
Capitol Hill,Taylor Shellfish (Bar),Restaurant / Bar,11:00 PM,,,,Click link,https://www.google.com/maps/dir/?api=1&origin=Little+Red+Hen+Seattle&destination=Taylor+Shellfish+(Bar)+Seattle&travelmode=driving,"drinks, food-focused, late-eats, social",47.6965,-122.2837
Capitol Hill,Kedai Makan,Restaurant,11:00 PM,,,,Click link,https://www.google.com/maps/dir/?api=1&origin=Little+Red+Hen+Seattle&destination=Kedai+Makan+Seattle&travelmode=driving,"food-focused, late-eats",47.7003,-122.2836
Capitol Hill,Ramen Danbo,Restaurant,11:00 PM,,,,Click link,https://www.google.com/maps/dir/?api=1&origin=Little+Red+Hen+Seattle&destination=Ramen+Danbo+Seattle&travelmode=driving,"food-focused, late-eats",47.7023,-122.2826
Capitol Hill,Tacos Chukis,Restaurant,11:00 PM,,,,Click link,https://www.google.com/maps/dir/?api=1&origin=Little+Red+Hen+Seattle&destination=Tacos+Chukis+Seattle&travelmode=driving,"food-focused, late-eats",47.7046,-122.2818
Capitol Hill,Spice Waala,Restaurant,11:00 PM,,,,Click link,https://www.google.com/maps/dir/?api=1&origin=Little+Red+Hen+Seattle&destination=Spice+Waala+Seattle&travelmode=driving,"food-focused, late-eats",47.7063,-122.2806
Capitol Hill,Katsu Burger,Restaurant,11:00 PM,,,,Click link,https://www.google.com/maps/dir/?api=1&origin=Little+Red+Hen+Seattle&destination=Katsu+Burger+Seattle&travelmode=driving,"food-focused, late-eats",47.7086,-122.2798
Capitol Hill,Nana's Green Tea,Dessert,10:00 PM,,,,Click link,https://www.google.com/maps/dir/?api=1&origin=Little+Red+Hen+Seattle&destination=Nana's+Green+Tea+Seattle&travelmode=driving,"chill, sweet",47.7118,-122.2794
Capitol Hill,Montana,Bar,2:00 AM,,,,Click link,https://www.google.com/maps/dir/?api=1&origin=Little+Red+Hen+Seattle&destination=Montana+Seattle&travelmode=driving,"drinks, social",47.7111,-122.2771
Capitol Hill,Bait Shop Annex,Bar,2:00 AM,,,,Click link,https://www.google.com/maps/dir/?api=1&origin=Little+Red+Hen+Seattle&destination=Bait+Shop+Annex+Seattle&travelmode=driving,"drinks, social",47.7155,-122.2772
Capitol Hill,Caffe Vita (late hours),Cafe / Bar,10:00 PM,,,,Click link,https://www.google.com/maps/dir/?api=1&origin=Little+Red+Hen+Seattle&destination=Caffe+Vita+(late+hours)+Seattle&travelmode=driving,"drinks, social",47.7148,-122.2749
Capitol Hill,Corvus & Co.,Bar,2:00 AM,,,,Click link,https://www.google.com/maps/dir/?api=1&origin=Little+Red+Hen+Seattle&destination=Corvus+&+Co.+Seattle&travelmode=driving,"drinks, social",47.7186,-122.2748
Capitol Hill,Nate's Wings & Waffles,Restaurant,11:00 PM,,,,Click link,https://www.google.com/maps/dir/?api=1&origin=Little+Red+Hen+Seattle&destination=Nate's+Wings+&+Waffles+Seattle&travelmode=driving,"food-focused, late-eats",47.7185,-122.2727
Capitol Hill,Yalla,Restaurant,11:00 PM,,,,Click link,https://www.google.com/maps/dir/?api=1&origin=Little+Red+Hen+Seattle&destination=Yalla+Seattle&travelmode=driving,"food-focused, late-eats",47.7205,-122.2717
Capitol Hill,Homer (Bar),Restaurant / Bar,11:00 PM,,,,Click link,https://www.google.com/maps/dir/?api=1&origin=Little+Red+Hen+Seattle&destination=Homer+(Bar)+Seattle&travelmode=driving,"drinks, food-focused, late-eats, social",47.7243,-122.2716
Capitol Hill,Zig Zag (Capitol Hill nights),Bar,12:00 AM,,,,Click link,https://www.google.com/maps/dir/?api=1&origin=Little+Red+Hen+Seattle&destination=Zig+Zag+(Capitol+Hill+nights)+Seattle&travelmode=driving,"drinks, social",47.7266,-122.2708
Capitol Hill,Bar Miriam,Bar,1:00 AM,,,,Click link,https://www.google.com/maps/dir/?api=1&origin=Little+Red+Hen+Seattle&destination=Bar+Miriam+Seattle&travelmode=driving,"drinks, social",47.728,-122.2695
Capitol Hill,Stillwater,Bar,2:00 AM,,,,Click link,https://www.google.com/maps/dir/?api=1&origin=Little+Red+Hen+Seattle&destination=Stillwater+Seattle&travelmode=driving,"drinks, social",47.73,-122.2685
Capitol Hill,Cuff Late Lounge,Club,2:00 AM,,,,Click link,https://www.google.com/maps/dir/?api=1&origin=Little+Red+Hen+Seattle&destination=Cuff+Late+Lounge+Seattle&travelmode=driving,"dancey, high-energy, late-night",47.7338,-122.2684
Capitol Hill,Union Pub,Pub,12:00 AM,,,,Click link,https://www.google.com/maps/dir/?api=1&origin=Little+Red+Hen+Seattle&destination=Union+Pub+Seattle&travelmode=driving,"drinks, social",47.7337,-122.2664
Capitol Hill,Press Box,Sports Bar,2:00 AM,,,,Click link,https://www.google.com/maps/dir/?api=1&origin=Little+Red+Hen+Seattle&destination=Press+Box+Seattle&travelmode=driving,"drinks, group-friendly, social, sports",47.7357,-122.2653
Capitol Hill,Nacho Borracho,Restaurant / Bar,12:00 AM,,,,Click link,https://www.google.com/maps/dir/?api=1&origin=Little+Red+Hen+Seattle&destination=Nacho+Borracho+Seattle&travelmode=driving,"drinks, food-focused, late-eats, social",47.7392,-122.2651
Capitol Hill,The Lookout,Bar,2:00 AM,,,,Click link,https://www.google.com/maps/dir/?api=1&origin=Little+Red+Hen+Seattle&destination=The+Lookout+Seattle&travelmode=driving,"drinks, social",47.7403,-122.2636
Capitol Hill,Witness (Bar),Restaurant / Bar,11:00 PM,,,,Click link,https://www.google.com/maps/dir/?api=1&origin=Little+Red+Hen+Seattle&destination=Witness+(Bar)+Seattle&travelmode=driving,"drinks, food-focused, late-eats, social",47.7429,-122.2629
Capitol Hill,Cannonball Lounge,Bar,2:00 AM,,,,Click link,https://www.google.com/maps/dir/?api=1&origin=Little+Red+Hen+Seattle&destination=Cannonball+Lounge+Seattle&travelmode=driving,"drinks, social",47.741,-122.26
Capitol Hill,Supernova (Cap Hill nights),Club,2:00 AM,,,,Click link,https://www.google.com/maps/dir/?api=1&origin=Little+Red+Hen+Seattle&destination=Supernova+(Cap+Hill+nights)+Seattle&travelmode=driving,"dancey, high-energy, late-night",47.746,-122.2605
Ballard,Conor Byrne Pub,Pub,2:00 AM,,,,Click link,https://www.google.com/maps/dir/?api=1&origin=Little+Red+Hen+Seattle&destination=Conor+Byrne+Pub+Seattle&travelmode=driving,"drinks, social",47.6725,-122.3873
Ballard,The Tractor Tavern,Music Venue / Bar,2:00 AM,,,,Click link,https://www.google.com/maps/dir/?api=1&origin=Little+Red+Hen+Seattle&destination=The+Tractor+Tavern+Seattle&travelmode=driving,"drinks, live-music, loud, social",47.6703,-122.3842
Ballard,The Sunset Tavern,Music Venue / Bar,2:00 AM,,,,Click link,https://www.google.com/maps/dir/?api=1&origin=Little+Red+Hen+Seattle&destination=The+Sunset+Tavern+Seattle&travelmode=driving,"drinks, live-music, loud, social",47.672,-122.383
Ballard,Hattie's Hat,Bar,2:00 AM,,,,Click link,https://www.google.com/maps/dir/?api=1&origin=Little+Red+Hen+Seattle&destination=Hattie's+Hat+Seattle&travelmode=driving,"drinks, social",47.6776,-122.3838
Ballard,Sloop Tavern,Dive Bar,2:00 AM,,,,Click link,https://www.google.com/maps/dir/?api=1&origin=Little+Red+Hen+Seattle&destination=Sloop+Tavern+Seattle&travelmode=driving,"drinks, social",47.6796,-122.3828
Ballard,The Old Peculiar,Pub,2:00 AM,,,,Click link,https://www.google.com/maps/dir/?api=1&origin=Little+Red+Hen+Seattle&destination=The+Old+Peculiar+Seattle&travelmode=driving,"drinks, social",47.6828,-122.3824
Ballard,Shingletown Saloon,Bar,2:00 AM,,,,Click link,https://www.google.com/maps/dir/?api=1&origin=Little+Red+Hen+Seattle&destination=Shingletown+Saloon+Seattle&travelmode=driving,"drinks, social",47.6803,-122.3792
Ballard,Kings Hardware,Bar,2:00 AM,,,,Click link,https://www.google.com/maps/dir/?api=1&origin=Little+Red+Hen+Seattle&destination=Kings+Hardware+Seattle&travelmode=driving,"drinks, social",47.6862,-122.3801
Ballard,Percy's & Co.,Bar,2:00 AM,,,,Click link,https://www.google.com/maps/dir/?api=1&origin=Little+Red+Hen+Seattle&destination=Percy's+&+Co.+Seattle&travelmode=driving,"drinks, social",47.6879,-122.379
Ballard,The Walrus and the Carpenter (Bar),Bar,11:00 PM,,,,Click link,https://www.google.com/maps/dir/?api=1&origin=Little+Red+Hen+Seattle&destination=The+Walrus+and+the+Carpenter+(Bar)+Seattle&travelmode=driving,"drinks, social",47.686,-122.376
Ballard,Lock & Keel,Bar,1:00–2:00 AM,,,,Click link,https://www.google.com/maps/dir/?api=1&origin=Little+Red+Hen+Seattle&destination=Lock+&+Keel+Seattle&travelmode=driving,"drinks, social",47.6913,-122.3766
Ballard,Kangaroo & Kiwi,Bar,2:00 AM,,,,Click link,https://www.google.com/maps/dir/?api=1&origin=Little+Red+Hen+Seattle&destination=Kangaroo+&+Kiwi+Seattle&travelmode=driving,"drinks, social",47.6945,-122.3763
Ballard,The Brick,Dive Bar,2:00 AM,,,,Click link,https://www.google.com/maps/dir/?api=1&origin=Little+Red+Hen+Seattle&destination=The+Brick+Seattle&travelmode=driving,"drinks, social",47.6947,-122.3744
Ballard,Smoke Shop BBQ (Bar),Restaurant / Bar,11:00 PM,,,,Click link,https://www.google.com/maps/dir/?api=1&origin=Little+Red+Hen+Seattle&destination=Smoke+Shop+BBQ+(Bar)+Seattle&travelmode=driving,"drinks, food-focused, late-eats, social",47.6949,-122.3725
Ballard,The Lockspot Cafe (Late),Restaurant,10:00 PM,,,,Click link,https://www.google.com/maps/dir/?api=1&origin=Little+Red+Hen+Seattle&destination=The+Lockspot+Cafe+(Late)+Seattle&travelmode=driving,"food-focused, late-eats",47.6981,-122.3721
Ballard,Bad Albert's Tap & Grill,Sports Bar,2:00 AM,,,,Click link,https://www.google.com/maps/dir/?api=1&origin=Little+Red+Hen+Seattle&destination=Bad+Albert's+Tap+&+Grill+Seattle&travelmode=driving,"drinks, group-friendly, social, sports",47.7001,-122.3711
Ballard,Scofflaw,Cocktail Bar,2:00 AM,,,,Click link,https://www.google.com/maps/dir/?api=1&origin=Little+Red+Hen+Seattle&destination=Scofflaw+Seattle&travelmode=driving,"date-friendly, drinks, social, upscale",47.7024,-122.3702
Ballard,Barnacle,Bar,12:00 AM,,,,Click link,https://www.google.com/maps/dir/?api=1&origin=Little+Red+Hen+Seattle&destination=Barnacle+Seattle&travelmode=driving,"drinks, social",47.7044,-122.3692
Ballard,Ray's Cafe (Bar),Restaurant / Bar,10:00 PM,,,,Click link,https://www.google.com/maps/dir/?api=1&origin=Little+Red+Hen+Seattle&destination=Ray's+Cafe+(Bar)+Seattle&travelmode=driving,"drinks, food-focused, late-eats, social",47.7088,-122.3694
Ballard,Bitterroot BBQ (Bar),Restaurant / Bar,11:00 PM,,,,Click link,https://www.google.com/maps/dir/?api=1&origin=Little+Red+Hen+Seattle&destination=Bitterroot+BBQ+(Bar)+Seattle&travelmode=driving,"drinks, food-focused, late-eats, social",47.7069,-122.3665
Ballard,Stampede Cocktail Club,Cocktail Bar,2:00 AM,,,,Click link,https://www.google.com/maps/dir/?api=1&origin=Little+Red+Hen+Seattle&destination=Stampede+Cocktail+Club+Seattle&travelmode=driving,"date-friendly, drinks, social, upscale",47.7095,-122.3658
Ballard,Asadero Prime (Bar),Restaurant / Bar,11:00 PM,,,,Click link,https://www.google.com/maps/dir/?api=1&origin=Little+Red+Hen+Seattle&destination=Asadero+Prime+(Bar)+Seattle&travelmode=driving,"drinks, food-focused, late-eats, social",47.7106,-122.3643
Ballard,Ballard Smoke Shop (Bar),Restaurant / Bar,11:00 PM,,,,Click link,https://www.google.com/maps/dir/?api=1&origin=Little+Red+Hen+Seattle&destination=Ballard+Smoke+Shop+(Bar)+Seattle&travelmode=driving,"drinks, food-focused, late-eats, social",47.7141,-122.3641
Ballard,Kona Kitchen (Late),Restaurant,10:00 PM,,,,Click link,https://www.google.com/maps/dir/?api=1&origin=Little+Red+Hen+Seattle&destination=Kona+Kitchen+(Late)+Seattle&travelmode=driving,"food-focused, late-eats",47.7146,-122.3623
Ballard,Rough & Tumble Pub,Sports Bar,11:00 PM,,,,Click link,https://www.google.com/maps/dir/?api=1&origin=Little+Red+Hen+Seattle&destination=Rough+&+Tumble+Pub+Seattle&travelmode=driving,"drinks, group-friendly, social, sports",47.7163,-122.3612
Ballard,Tin Hat,Bar,2:00 AM,,,,Click link,https://www.google.com/maps/dir/?api=1&origin=Little+Red+Hen+Seattle&destination=Tin+Hat+Seattle&travelmode=driving,"drinks, social",47.7201,-122.3611
Fremont,Add-A-Ball,Bar / Arcade,2:00 AM,,,,Click link,https://www.google.com/maps/dir/?api=1&origin=Little+Red+Hen+Seattle&destination=Add-A-Ball+Seattle&travelmode=driving,"drinks, games, playful, social",47.654,-122.3515
Fremont,Nectar Lounge,Music Venue / Bar,Late,,,,Click link,https://www.google.com/maps/dir/?api=1&origin=Little+Red+Hen+Seattle&destination=Nectar+Lounge+Seattle&travelmode=driving,"drinks, live-music, loud, social",47.6569,-122.3509
Fremont,George & Dragon Pub,Pub,2:00 AM,,,,Click link,https://www.google.com/maps/dir/?api=1&origin=Little+Red+Hen+Seattle&destination=George+&+Dragon+Pub+Seattle&travelmode=driving,"drinks, social",47.6556,-122.3483
Fremont,Ltd Bar & Grill,Bar,2:00 AM,,,,Click link,https://www.google.com/maps/dir/?api=1&origin=Little+Red+Hen+Seattle&destination=Ltd+Bar+&+Grill+Seattle&travelmode=driving,"drinks, social",47.6615,-122.3492
Fremont,The Masonry,Bar / Restaurant,12:00 AM,,,,Click link,https://www.google.com/maps/dir/?api=1&origin=Little+Red+Hen+Seattle&destination=The+Masonry+Seattle&travelmode=driving,"drinks, food-focused, late-eats, social",47.6623,-122.3476
Fremont,Fremont Dock Sports Bar,Sports Bar,2:00 AM,,,,Click link,https://www.google.com/maps/dir/?api=1&origin=Little+Red+Hen+Seattle&destination=Fremont+Dock+Sports+Bar+Seattle&travelmode=driving,"drinks, group-friendly, social, sports",47.6628,-122.3459
Fremont,Owl & Thistle (Fremont offshoot),Bar,11:00 PM,,,,Click link,https://www.google.com/maps/dir/?api=1&origin=Little+Red+Hen+Seattle&destination=Owl+&+Thistle+(Fremont+offshoot)+Seattle&travelmode=driving,"drinks, social",47.6675,-122.3462
Fremont,High Dive,Music Venue / Bar,2:00 AM,,,,Click link,https://www.google.com/maps/dir/?api=1&origin=Little+Red+Hen+Seattle&destination=High+Dive+Seattle&travelmode=driving,"casual, divey, drinks, live-music, loud, social",47.6677,-122.3443
Fremont,Dreamland,Bar,12:00 AM,,,,Click link,https://www.google.com/maps/dir/?api=1&origin=Little+Red+Hen+Seattle&destination=Dreamland+Seattle&travelmode=driving,"drinks, social",47.6697,-122.3434
Fremont,Triangle Spirits,Distillery / Bar,11:00 PM,,,,Click link,https://www.google.com/maps/dir/?api=1&origin=Little+Red+Hen+Seattle&destination=Triangle+Spirits+Seattle&travelmode=driving,"drinks, social",47.6738,-122.3434
Fremont,Schilling Cider House (Late),Cider Bar,11:00 PM,,,,Click link,https://www.google.com/maps/dir/?api=1&origin=Little+Red+Hen+Seattle&destination=Schilling+Cider+House+(Late)+Seattle&travelmode=driving,"drinks, social",47.6743,-122.3416
Fremont,Stampede Fremont,Bar,2:00 AM,,,,Click link,https://www.google.com/maps/dir/?api=1&origin=Little+Red+Hen+Seattle&destination=Stampede+Fremont+Seattle&travelmode=driving,"drinks, social",47.6778,-122.3414
Fremont,El Camino (Bar),Restaurant / Bar,11:00 PM,,,,Click link,https://www.google.com/maps/dir/?api=1&origin=Little+Red+Hen+Seattle&destination=El+Camino+(Bar)+Seattle&travelmode=driving,"drinks, food-focused, late-eats, social",47.6795,-122.3402
Fremont,Norm's Eatery & Ale House,Restaurant / Bar,12:00 AM,,,,Click link,https://www.google.com/maps/dir/?api=1&origin=Little+Red+Hen+Seattle&destination=Norm's+Eatery+&+Ale+House+Seattle&travelmode=driving,"drinks, food-focused, late-eats, social",47.6794,-122.3382
Fremont,Pacific Inn Pub,Pub,2:00 AM,,,,Click link,https://www.google.com/maps/dir/?api=1&origin=Little+Red+Hen+Seattle&destination=Pacific+Inn+Pub+Seattle&travelmode=driving,"drinks, social",47.6835,-122.3383
Fremont,Leny's Place,Dive Bar,2:00 AM,,,,Click link,https://www.google.com/maps/dir/?api=1&origin=Little+Red+Hen+Seattle&destination=Leny's+Place+Seattle&travelmode=driving,"drinks, social",47.6846,-122.3368
Fremont,Stone Way Cafe (Late),Cafe,10:00 PM,,,,Click link,https://www.google.com/maps/dir/?api=1&origin=Little+Red+Hen+Seattle&destination=Stone+Way+Cafe+(Late)+Seattle&travelmode=driving,"chill, social",47.6842,-122.3346
Fremont,Brouwer's Cafe (Late),Beer Bar,11:00 PM,,,,Click link,https://www.google.com/maps/dir/?api=1&origin=Little+Red+Hen+Seattle&destination=Brouwer's+Cafe+(Late)+Seattle&travelmode=driving,"drinks, social",47.6862,-122.3336
Fremont,The Barrel Thief,Bar,12:00 AM,,,,Click link,https://www.google.com/maps/dir/?api=1&origin=Little+Red+Hen+Seattle&destination=The+Barrel+Thief+Seattle&travelmode=driving,"drinks, social",47.6918,-122.3344
Fremont,Moon Temple,Bar,12:00 AM,,,,Click link,https://www.google.com/maps/dir/?api=1&origin=Little+Red+Hen+Seattle&destination=Moon+Temple+Seattle&travelmode=driving,"drinks, social",47.6923,-122.3326
Downtown_Belltown,The 5 Point Cafe,Diner / Bar,24h,,,,Click link,https://www.google.com/maps/dir/?api=1&origin=Little+Red+Hen+Seattle&destination=The+5+Point+Cafe+Seattle&travelmode=driving,"drinks, food-focused, late-eats, social",47.6178,-122.3444
Downtown_Belltown,Kremwerk,Nightclub,2:00 AM,,,,Click link,https://www.google.com/maps/dir/?api=1&origin=Little+Red+Hen+Seattle&destination=Kremwerk+Seattle&travelmode=driving,"dancey, high-energy, late-night",47.6174,-122.3422
Downtown_Belltown,The Crocodile (Bar),Music Venue / Bar,Late,,,,Click link,https://www.google.com/maps/dir/?api=1&origin=Little+Red+Hen+Seattle&destination=The+Crocodile+(Bar)+Seattle&travelmode=driving,"drinks, live-music, loud, social",47.6176,-122.3403
Downtown_Belltown,Shorty's,Bar / Arcade,2:00 AM,,,,Click link,https://www.google.com/maps/dir/?api=1&origin=Little+Red+Hen+Seattle&destination=Shorty's+Seattle&travelmode=driving,"drinks, games, playful, social",47.6214,-122.3402
Downtown_Belltown,Jupiter Bar,Bar / Arcade,2:00 AM,,,,Click link,https://www.google.com/maps/dir/?api=1&origin=Little+Red+Hen+Seattle&destination=Jupiter+Bar+Seattle&travelmode=driving,"drinks, games, playful, social",47.6243,-122.3396
Downtown_Belltown,Bathtub Gin & Co.,Cocktail Bar,2:00 AM,,,,Click link,https://www.google.com/maps/dir/?api=1&origin=Little+Red+Hen+Seattle&destination=Bathtub+Gin+&+Co.+Seattle&travelmode=driving,"date-friendly, drinks, social, upscale",47.623,-122.337
Downtown_Belltown,Buckley's in Belltown,Sports Bar,2:00 AM,,,,Click link,https://www.google.com/maps/dir/?api=1&origin=Little+Red+Hen+Seattle&destination=Buckley's+in+Belltown+Seattle&travelmode=driving,"drinks, group-friendly, social, sports",47.6262,-122.3366
Downtown_Belltown,Rendezvous,Bar / Venue,2:00 AM,,,,Click link,https://www.google.com/maps/dir/?api=1&origin=Little+Red+Hen+Seattle&destination=Rendezvous+Seattle&travelmode=driving,"drinks, live-music, loud, social",47.63,-122.3365
Downtown_Belltown,Radiator Whiskey,Bar,12:00 AM,,,,Click link,https://www.google.com/maps/dir/?api=1&origin=Little+Red+Hen+Seattle&destination=Radiator+Whiskey+Seattle&travelmode=driving,"drinks, social",47.6338,-122.3364
Downtown_Belltown,Navy Strength,Bar,1:00–2:00 AM,,,,Click link,https://www.google.com/maps/dir/?api=1&origin=Little+Red+Hen+Seattle&destination=Navy+Strength+Seattle&travelmode=driving,"drinks, social",47.6349,-122.3349
Downtown_Belltown,Cyclops,Dive Bar,2:00 AM,,,,Click link,https://www.google.com/maps/dir/?api=1&origin=Little+Red+Hen+Seattle&destination=Cyclops+Seattle&travelmode=driving,"drinks, social",47.6351,-122.3331
Downtown_Belltown,Streamline Tavern,Bar,2:00 AM,,,,Click link,https://www.google.com/maps/dir/?api=1&origin=Little+Red+Hen+Seattle&destination=Streamline+Tavern+Seattle&travelmode=driving,"drinks, social",47.635,-122.331
Downtown_Belltown,The Nest,Rooftop Bar,11:00 PM,,,,Click link,https://www.google.com/maps/dir/?api=1&origin=Little+Red+Hen+Seattle&destination=The+Nest+Seattle&travelmode=driving,"date-friendly, drinks, social, views",47.6394,-122.3312
Downtown_Belltown,Jazz Alley,Jazz Club / Restaurant,Late,,,,Click link,https://www.google.com/maps/dir/?api=1&origin=Little+Red+Hen+Seattle&destination=Jazz+Alley+Seattle&travelmode=driving,"dancey, food-focused, high-energy, late-eats, late-night",47.642,-122.3305
Downtown_Belltown,Showbox Lounge,Music Venue / Bar,Late,,,,Click link,https://www.google.com/maps/dir/?api=1&origin=Little+Red+Hen+Seattle&destination=Showbox+Lounge+Seattle&travelmode=driving,"drinks, live-music, loud, social",47.6452,-122.3301
Downtown_Belltown,Ora Nightclub,Nightclub,2:00 AM,,,,Click link,https://www.google.com/maps/dir/?api=1&origin=Little+Red+Hen+Seattle&destination=Ora+Nightclub+Seattle&travelmode=driving,"dancey, high-energy, late-night",47.6469,-122.3289
Downtown_Belltown,Trinity Nightclub,Nightclub,2:00 AM,,,,Click link,https://www.google.com/maps/dir/?api=1&origin=Little+Red+Hen+Seattle&destination=Trinity+Nightclub+Seattle&travelmode=driving,"dancey, high-energy, late-night",47.645,-122.326
Downtown_Belltown,The Whiskey Bar,Bar,2:00 AM,,,,Click link,https://www.google.com/maps/dir/?api=1&origin=Little+Red+Hen+Seattle&destination=The+Whiskey+Bar+Seattle&travelmode=driving,"drinks, social",47.6515,-122.3273
Downtown_Belltown,Zig Zag Cafe,Cocktail Bar,12:00 AM,,,,Click link,https://www.google.com/maps/dir/?api=1&origin=Little+Red+Hen+Seattle&destination=Zig+Zag+Cafe+Seattle&travelmode=driving,"date-friendly, drinks, social, upscale",47.6526,-122.3258
Downtown_Belltown,JarrBar,Wine Bar,12:00 AM,,,,Click link,https://www.google.com/maps/dir/?api=1&origin=Little+Red+Hen+Seattle&destination=JarrBar+Seattle&travelmode=driving,"drinks, social",47.6531,-122.324
Downtown_Belltown,Foreign National,Cocktail Bar,1:00–2:00 AM,,,,Click link,https://www.google.com/maps/dir/?api=1&origin=Little+Red+Hen+Seattle&destination=Foreign+National+Seattle&travelmode=driving,"date-friendly, drinks, social, upscale",47.6578,-122.3244
Downtown_Belltown,Vons 1000 Spirits,Bar / Restaurant,12:00 AM,,,,Click link,https://www.google.com/maps/dir/?api=1&origin=Little+Red+Hen+Seattle&destination=Vons+1000+Spirits+Seattle&travelmode=driving,"drinks, food-focused, late-eats, social",47.655,-122.321
Downtown_Belltown,Maximilien (Bar),Restaurant / Bar,10:00 PM,,,,Click link,https://www.google.com/maps/dir/?api=1&origin=Little+Red+Hen+Seattle&destination=Maximilien+(Bar)+Seattle&travelmode=driving,"drinks, food-focused, late-eats, social",47.6618,-122.3224
Downtown_Belltown,The Lodge Sports Grille,Sports Bar,2:00 AM,,,,Click link,https://www.google.com/maps/dir/?api=1&origin=Little+Red+Hen+Seattle&destination=The+Lodge+Sports+Grille+Seattle&travelmode=driving,"drinks, group-friendly, social, sports",47.6608,-122.3199
Downtown_Belltown,The Rabbit Hole,Bar,2:00 AM,,,,Click link,https://www.google.com/maps/dir/?api=1&origin=Little+Red+Hen+Seattle&destination=The+Rabbit+Hole+Seattle&travelmode=driving,"drinks, social",47.6655,-122.3203
Downtown_Belltown,Pyramid Alehouse,Brewpub,11:00 PM,,,,Click link,https://www.google.com/maps/dir/?api=1&origin=Little+Red+Hen+Seattle&destination=Pyramid+Alehouse+Seattle&travelmode=driving,"drinks, social",47.6678,-122.3194
Downtown_Belltown,Diller Room,Cocktail Bar,1:00–2:00 AM,,,,Click link,https://www.google.com/maps/dir/?api=1&origin=Little+Red+Hen+Seattle&destination=Diller+Room+Seattle&travelmode=driving,"date-friendly, drinks, social, upscale",47.6683,-122.3177
Downtown_Belltown,Timbre Room,Cocktail Bar,1:00–2:00 AM,,,,Click link,https://www.google.com/maps/dir/?api=1&origin=Little+Red+Hen+Seattle&destination=Timbre+Room+Seattle&travelmode=driving,"date-friendly, drinks, social, upscale",47.6703,-122.3166
Downtown_Belltown,Rob Roy,Cocktail Bar,1:00–2:00 AM,,,,Click link,https://www.google.com/maps/dir/?api=1&origin=Little+Red+Hen+Seattle&destination=Rob+Roy+Seattle&travelmode=driving,"date-friendly, drinks, social, upscale",47.6711,-122.315
Downtown_Belltown,Rocco's Pizza,Restaurant,12:00 AM,,,,Click link,https://www.google.com/maps/dir/?api=1&origin=Little+Red+Hen+Seattle&destination=Rocco's+Pizza+Seattle&travelmode=driving,"food-focused, late-eats",47.6749,-122.3149
Downtown_Belltown,Serious Pie (Late),Restaurant,11:00 PM,,,,Click link,https://www.google.com/maps/dir/?api=1&origin=Little+Red+Hen+Seattle&destination=Serious+Pie+(Late)+Seattle&travelmode=driving,"food-focused, late-eats",47.6733,-122.3122
Downtown_Belltown,The Alley (Downtown),Bar,2:00 AM,,,,Click link,https://www.google.com/maps/dir/?api=1&origin=Little+Red+Hen+Seattle&destination=The+Alley+(Downtown)+Seattle&travelmode=driving,"drinks, social",47.6759,-122.3114
Downtown_Belltown,Hooverville,Dive Bar,2:00 AM,,,,Click link,https://www.google.com/maps/dir/?api=1&origin=Little+Red+Hen+Seattle&destination=Hooverville+Seattle&travelmode=driving,"drinks, social",47.6803,-122.3117
Downtown_Belltown,Pioneer Square Saloon,Bar,2:00 AM,,,,Click link,https://www.google.com/maps/dir/?api=1&origin=Little+Red+Hen+Seattle&destination=Pioneer+Square+Saloon+Seattle&travelmode=driving,"drinks, social",47.6802,-122.3096
Downtown_Belltown,McCoy's Firehouse,Bar,2:00 AM,,,,Click link,https://www.google.com/maps/dir/?api=1&origin=Little+Red+Hen+Seattle&destination=McCoy's+Firehouse+Seattle&travelmode=driving,"drinks, social",47.681,-122.308
Downtown_Belltown,Elysian Fields,Bar,11:00 PM,,,,Click link,https://www.google.com/maps/dir/?api=1&origin=Little+Red+Hen+Seattle&destination=Elysian+Fields+Seattle&travelmode=driving,"drinks, social",47.6872,-122.3091
Downtown_Belltown,Owl N' Thistle (Pioneer Sq),Pub,2:00 AM,,,,Click link,https://www.google.com/maps/dir/?api=1&origin=Little+Red+Hen+Seattle&destination=Owl+N'+Thistle+(Pioneer+Sq)+Seattle&travelmode=driving,"drinks, social",47.688,-122.3075
Downtown_Belltown,Von's Cafe (Late),Cafe / Bar,11:00 PM,,,,Click link,https://www.google.com/maps/dir/?api=1&origin=Little+Red+Hen+Seattle&destination=Von's+Cafe+(Late)+Seattle&travelmode=driving,"drinks, social",47.687,-122.305
Downtown_Belltown,Zog's,Bar,2:00 AM,,,,Click link,https://www.google.com/maps/dir/?api=1&origin=Little+Red+Hen+Seattle&destination=Zog's+Seattle&travelmode=driving,"drinks, social",47.6905,-122.3047
Downtown_Belltown,Sluggers,Bar,2:00 AM,,,,Click link,https://www.google.com/maps/dir/?api=1&origin=Little+Red+Hen+Seattle&destination=Sluggers+Seattle&travelmode=driving,"drinks, social",47.6934,-122.3042
Downtown_Belltown,Fado Irish Pub,Pub,12:00 AM,,,,Click link,https://www.google.com/maps/dir/?api=1&origin=Little+Red+Hen+Seattle&destination=Fado+Irish+Pub+Seattle&travelmode=driving,"drinks, social",47.6972,-122.3041
Downtown_Belltown,Metropolitan Grill (Bar),Restaurant / Bar,11:00 PM,,,,Click link,https://www.google.com/maps/dir/?api=1&origin=Little+Red+Hen+Seattle&destination=Metropolitan+Grill+(Bar)+Seattle&travelmode=driving,"drinks, food-focused, late-eats, social",47.6971,-122.3021
Downtown_Belltown,Shawn O'Donnell's,Pub,12:00 AM,,,,Click link,https://www.google.com/maps/dir/?api=1&origin=Little+Red+Hen+Seattle&destination=Shawn+O'Donnell's+Seattle&travelmode=driving,"drinks, social",47.697,-122.3
Downtown_Belltown,Ozzie's (Downtown),Sports Bar,2:00 AM,,,,Click link,https://www.google.com/maps/dir/?api=1&origin=Little+Red+Hen+Seattle&destination=Ozzie's+(Downtown)+Seattle&travelmode=driving,"drinks, group-friendly, social, sports",47.6993,-122.2991
Downtown_Belltown,Bar Solea,Bar,12:00 AM,,,,Click link,https://www.google.com/maps/dir/?api=1&origin=Little+Red+Hen+Seattle&destination=Bar+Solea+Seattle&travelmode=driving,"drinks, social",47.7037,-122.2994
Downtown_Belltown,MBar,Rooftop Bar,12:00 AM,,,,Click link,https://www.google.com/maps/dir/?api=1&origin=Little+Red+Hen+Seattle&destination=MBar+Seattle&travelmode=driving,"date-friendly, drinks, social, views",47.7042,-122.2976
Downtown_Belltown,Art Marble 21,Bar,2:00 AM,,,,Click link,https://www.google.com/maps/dir/?api=1&origin=Little+Red+Hen+Seattle&destination=Art+Marble+21+Seattle&travelmode=driving,"drinks, social",47.7089,-122.2979
Downtown_Belltown,Central Saloon (Upstairs),Bar / Music,2:00 AM,,,,Click link,https://www.google.com/maps/dir/?api=1&origin=Little+Red+Hen+Seattle&destination=Central+Saloon+(Upstairs)+Seattle&travelmode=driving,"drinks, live-music, loud, social",47.7094,-122.2962
Downtown_Belltown,Darrell's Tavern,Dive Bar,2:00 AM,,,,Click link,https://www.google.com/maps/dir/?api=1&origin=Little+Red+Hen+Seattle&destination=Darrell's+Tavern+Seattle&travelmode=driving,"drinks, social",47.7138,-122.2964
Downtown_Belltown,Von's 1000 Spirits (Back Bar),Bar,12:00 AM,,,,Click link,https://www.google.com/maps/dir/?api=1&origin=Little+Red+Hen+Seattle&destination=Von's+1000+Spirits+(Back+Bar)+Seattle&travelmode=driving,"drinks, social",47.7146,-122.2948
Downtown_Belltown,The Lodge (2nd location),Sports Bar,2:00 AM,,,,Click link,https://www.google.com/maps/dir/?api=1&origin=Little+Red+Hen+Seattle&destination=The+Lodge+(2nd+location)+Seattle&travelmode=driving,"drinks, group-friendly, social, sports",47.7151,-122.2931
Queen Anne,Mecca Cafe,Diner / Bar,3:00 AM,,,,Click link,https://www.google.com/maps/dir/?api=1&origin=Little+Red+Hen+Seattle&destination=Mecca+Cafe+Seattle&travelmode=driving,"drinks, food-focused, late-eats, social",47.635,-122.3585
Queen Anne,Streamline Tavern - Queen Anne,Bar,2:00 AM,,,,Click link,https://www.google.com/maps/dir/?api=1&origin=Little+Red+Hen+Seattle&destination=Streamline+Tavern+Seattle&travelmode=driving,"drinks, social",47.6379,-122.3579
Queen Anne,Buckley's in Queen Anne,Sports Bar,2:00 AM,,,,Click link,https://www.google.com/maps/dir/?api=1&origin=Little+Red+Hen+Seattle&destination=Buckley's+in+Queen+Anne+Seattle&travelmode=driving,"drinks, group-friendly, social, sports",47.6378,-122.3559
Queen Anne,Ozzie's,Sports Bar,2:00 AM,,,,Click link,https://www.google.com/maps/dir/?api=1&origin=Little+Red+Hen+Seattle&destination=Ozzie's+Seattle&travelmode=driving,"drinks, group-friendly, social, sports",47.6401,-122.3551
Queen Anne,Queen Anne Beerhall,Beer Hall,11:00 PM,,,,Click link,https://www.google.com/maps/dir/?api=1&origin=Little+Red+Hen+Seattle&destination=Queen+Anne+Beerhall+Seattle&travelmode=driving,"lively, social",47.6406,-122.3533
Queen Anne,Uptown Hophouse,Bar,1:00–2:00 AM,,,,Click link,https://www.google.com/maps/dir/?api=1&origin=Little+Red+Hen+Seattle&destination=Uptown+Hophouse+Seattle&travelmode=driving,"drinks, social",47.6465,-122.3543
Queen Anne,The Sitting Room,Bar,2:00 AM,,,,Click link,https://www.google.com/maps/dir/?api=1&origin=Little+Red+Hen+Seattle&destination=The+Sitting+Room+Seattle&travelmode=driving,"drinks, social",47.6488,-122.3534
Queen Anne,Targy's Tavern,Bar,2:00 AM,,,,Click link,https://www.google.com/maps/dir/?api=1&origin=Little+Red+Hen+Seattle&destination=Targy's+Tavern+Seattle&travelmode=driving,"drinks, social",47.6502,-122.3521
Chinatown_ID,Purple Dot Cafe,Restaurant,3:00 AM,,,,Click link,https://www.google.com/maps/dir/?api=1&origin=Little+Red+Hen+Seattle&destination=Purple+Dot+Cafe+Seattle&travelmode=driving,"food-focused, late-eats",47.6025,-122.3282
Chinatown_ID,Owl N' Thistle,Pub,2:00 AM,,,,Click link,https://www.google.com/maps/dir/?api=1&origin=Little+Red+Hen+Seattle&destination=Owl+N'+Thistle+Seattle&travelmode=driving,"drinks, social",47.6042,-122.3271
Chinatown_ID,The Central Saloon,Bar / Music,2:00 AM,,,,Click link,https://www.google.com/maps/dir/?api=1&origin=Little+Red+Hen+Seattle&destination=The+Central+Saloon+Seattle&travelmode=driving,"drinks, live-music, loud, social",47.6023,-122.3242
Chinatown_ID,Jade Garden,Restaurant,10:00 PM,,,,Click link,https://www.google.com/maps/dir/?api=1&origin=Little+Red+Hen+Seattle&destination=Jade+Garden+Seattle&travelmode=driving,"food-focused, late-eats",47.6073,-122.3246
Chinatown_ID,Tai Tung,Restaurant,10:00 PM,,,,Click link,https://www.google.com/maps/dir/?api=1&origin=Little+Red+Hen+Seattle&destination=Tai+Tung+Seattle&travelmode=driving,"food-focused, late-eats",47.6084,-122.3232
Chinatown_ID,Kells Irish Pub,Pub,12:00 AM,,,,Click link,https://www.google.com/maps/dir/?api=1&origin=Little+Red+Hen+Seattle&destination=Kells+Irish+Pub+Seattle&travelmode=driving,"drinks, social",47.6125,-122.3233
Chinatown_ID,Alibi Room,Pizza / Bar,12:00 AM,,,,Click link,https://www.google.com/maps/dir/?api=1&origin=Little+Red+Hen+Seattle&destination=Alibi+Room+Seattle&travelmode=driving,"drinks, social",47.613,-122.3215
Eastside,13 Coins (Bellevue),Restaurant / Lounge,Late / 24h,,,,Click link,https://www.google.com/maps/dir/?api=1&origin=Little+Red+Hen+Seattle&destination=13+Coins+(Bellevue)+Seattle&travelmode=driving,"chill, date-friendly, food-focused, late-eats",47.6166,-122.2013
Eastside,Rock Bottom Bellevue,Brewpub,11:00 PM,,,,Click link,https://www.google.com/maps/dir/?api=1&origin=Little+Red+Hen+Seattle&destination=Rock+Bottom+Bellevue+Seattle&travelmode=driving,"drinks, social",47.6189,-122.2004
Eastside,Lucky 7 Bar & Grill (Kirkland),Bar,2:00 AM,,,,Click link,https://www.google.com/maps/dir/?api=1&origin=Little+Red+Hen+Seattle&destination=Lucky+7+Bar+&+Grill+(Kirkland)+Seattle&travelmode=driving,"drinks, social",47.6239,-122.2009
Eastside,Forum Social House,Bar / Games,11:00 PM,,,,Click link,https://www.google.com/maps/dir/?api=1&origin=Little+Red+Hen+Seattle&destination=Forum+Social+House+Seattle&travelmode=driving,"drinks, social",47.6223,-122.1981
Eastside,Bottle & Bull,Bar,12:00 AM,,,,Click link,https://www.google.com/maps/dir/?api=1&origin=Little+Red+Hen+Seattle&destination=Bottle+&+Bull+Seattle&travelmode=driving,"drinks, social",47.6279,-122.1989
Eastside,Lucky 7 Bar & Grill (Renton),Bar,2:00 AM,,,,Click link,https://www.google.com/maps/dir/?api=1&origin=Little+Red+Hen+Seattle&destination=Lucky+7+Bar+&+Grill+(Renton)+Seattle&travelmode=driving,"drinks, social",47.6293,-122.1976
Eastside,The Lime Kirkland,Bar,1:00–2:00 AM,,,,Click link,https://www.google.com/maps/dir/?api=1&origin=Little+Red+Hen+Seattle&destination=The+Lime+Kirkland+Seattle&travelmode=driving,"drinks, social",47.628,-122.195
Eastside,Central Bar Kirkland,Bar,2:00 AM,,,,Click link,https://www.google.com/maps/dir/?api=1&origin=Little+Red+Hen+Seattle&destination=Central+Bar+Kirkland+Seattle&travelmode=driving,"drinks, social",47.6309,-122.1944
Eastside,Side Hustle Kirkland,Bar,12:00 AM,,,,Click link,https://www.google.com/maps/dir/?api=1&origin=Little+Red+Hen+Seattle&destination=Side+Hustle+Kirkland+Seattle&travelmode=driving,"drinks, social",47.6329,-122.1934
Eastside,The Lime Bellevue,Bar,1:00–2:00 AM,,,,Click link,https://www.google.com/maps/dir/?api=1&origin=Little+Red+Hen+Seattle&destination=The+Lime+Bellevue+Seattle&travelmode=driving,"drinks, social",47.634,-122.192
Eastside,Whiskey Mile,Bar,2:00 AM,,,,Click link,https://www.google.com/maps/dir/?api=1&origin=Little+Red+Hen+Seattle&destination=Whiskey+Mile+Seattle&travelmode=driving,"drinks, social",47.6396,-122.1928
Eastside,520 Bar & Grill,Sports Bar,2:00 AM,,,,Click link,https://www.google.com/maps/dir/?api=1&origin=Little+Red+Hen+Seattle&destination=520+Bar+&+Grill+Seattle&travelmode=driving,"drinks, group-friendly, social, sports",47.6425,-122.1923
Eastside,J Michael's Pub,Pub,2:00 AM,,,,Click link,https://www.google.com/maps/dir/?api=1&origin=Little+Red+Hen+Seattle&destination=J+Michael's+Pub+Seattle&travelmode=driving,"drinks, social",47.6445,-122.1912
Eastside,Kirkland Pub,Pub,2:00 AM,,,,Click link,https://www.google.com/maps/dir/?api=1&origin=Little+Red+Hen+Seattle&destination=Kirkland+Pub+Seattle&travelmode=driving,"drinks, social",47.6456,-122.1898
Eastside,Flatstick Pub (Kirkland),Bar / Games,12:00 AM,,,,Click link,https://www.google.com/maps/dir/?api=1&origin=Little+Red+Hen+Seattle&destination=Flatstick+Pub+(Kirkland)+Seattle&travelmode=driving,"drinks, games, playful, social",47.6461,-122.1881
Eastside,Postdoc Brewing (Redmond),Brewery,11:00 PM,,,,Click link,https://www.google.com/maps/dir/?api=1&origin=Little+Red+Hen+Seattle&destination=Postdoc+Brewing+(Redmond)+Seattle&travelmode=driving,"chill, social",47.6484,-122.1872
Eastside,Matador Redmond,Restaurant / Bar,12:00 AM,,,,Click link,https://www.google.com/maps/dir/?api=1&origin=Little+Red+Hen+Seattle&destination=Matador+Redmond+Seattle&travelmode=driving,"drinks, food-focused, late-eats, social",47.6525,-122.1872
Eastside,Palmers East,Pub,2:00 AM,,,,Click link,https://www.google.com/maps/dir/?api=1&origin=Little+Red+Hen+Seattle&destination=Palmers+East+Seattle&travelmode=driving,"drinks, social",47.6536,-122.1858
Eastside,The Pumphouse,Bar,2:00 AM,,,,Click link,https://www.google.com/maps/dir/?api=1&origin=Little+Red+Hen+Seattle&destination=The+Pumphouse+Seattle&travelmode=driving,"drinks, social",47.6559,-122.1849
Eastside,Bushwacker,Bar,2:00 AM,,,,Click link,https://www.google.com/maps/dir/?api=1&origin=Little+Red+Hen+Seattle&destination=Bushwacker+Seattle&travelmode=driving,"drinks, social",47.657,-122.1835
Eastside,Big Block Brewing (Issaquah),Brewery,11:00 PM,,,,Click link,https://www.google.com/maps/dir/?api=1&origin=Little+Red+Hen+Seattle&destination=Big+Block+Brewing+(Issaquah)+Seattle&travelmode=driving,"chill, social",47.6593,-122.1826
Eastside,Formula Brewing (Issaquah),Brewery,11:00 PM,,,,Click link,https://www.google.com/maps/dir/?api=1&origin=Little+Red+Hen+Seattle&destination=Formula+Brewing+(Issaquah)+Seattle&travelmode=driving,"chill, social",47.6607,-122.1813
Eastside,Eastside Beerworks,Brewery,11:00 PM,,,,Click link,https://www.google.com/maps/dir/?api=1&origin=Little+Red+Hen+Seattle&destination=Eastside+Beerworks+Seattle&travelmode=driving,"chill, social",47.6603,-122.1791
Eastside,Tipsy Cow Redmond,Bar,2:00 AM,,,,Click link,https://www.google.com/maps/dir/?api=1&origin=Little+Red+Hen+Seattle&destination=Tipsy+Cow+Redmond+Seattle&travelmode=driving,"drinks, social",47.662,-122.178
Eastside,Palmers Redmond,Pub,2:00 AM,,,,Click link,https://www.google.com/maps/dir/?api=1&origin=Little+Red+Hen+Seattle&destination=Palmers+Redmond+Seattle&travelmode=driving,"drinks, social",47.6685,-122.1792
Strip Clubs,The Lusty Lady,Strip Club,2:00 AM,,,,Click link,https://www.google.com/maps/dir/?api=1&origin=Little+Red+Hen+Seattle&destination=The+Lusty+Lady+Seattle&travelmode=driving,"adult, dancey, high-energy, late-night, rowdy",47.5942,-122.3321
Strip Clubs,Déjà Vu Showgirls Seattle,Strip Club,2:00 AM,,,,Click link,https://www.google.com/maps/dir/?api=1&origin=Little+Red+Hen+Seattle&destination=Déjà+Vu+Showgirls+Seattle+Seattle&travelmode=driving,"adult, dancey, high-energy, late-night, rowdy",47.5944,-122.3302
Strip Clubs,Little Darlings,Strip Club,2:00 AM,,,,Click link,https://www.google.com/maps/dir/?api=1&origin=Little+Red+Hen+Seattle&destination=Little+Darlings+Seattle&travelmode=driving,"adult, dancey, high-energy, late-night, rowdy",47.5985,-122.3303
Strip Clubs,Sugars Cabaret,Strip Club,2:00 AM,,,,Click link,https://www.google.com/maps/dir/?api=1&origin=Little+Red+Hen+Seattle&destination=Sugars+Cabaret+Seattle&travelmode=driving,"adult, dancey, high-energy, late-night, rowdy",47.6002,-122.3291
Strip Clubs,Rick's Cabaret Seattle,Strip Club,2:00 AM,,,,Click link,https://www.google.com/maps/dir/?api=1&origin=Little+Red+Hen+Seattle&destination=Rick's+Cabaret+Seattle+Seattle&travelmode=driving,"adult, dancey, high-energy, late-night, rowdy",47.5995,-122.3267
Strip Clubs,Club Paradise,Strip Club,2:00 AM,,,,Click link,https://www.google.com/maps/dir/?api=1&origin=Little+Red+Hen+Seattle&destination=Club+Paradise+Seattle&travelmode=driving,"adult, dancey, high-energy, late-night, rowdy",47.6039,-122.3269
Strip Clubs,Deja Vu Showgirls (SeaTac),Strip Club,2:00 AM,,,,Click link,https://www.google.com/maps/dir/?api=1&origin=Little+Red+Hen+Seattle&destination=Deja+Vu+Showgirls+(SeaTac)+SeaTac&travelmode=driving,"adult, dancey, high-energy, late-night, rowdy",47.6047,-122.3254
Strip Clubs,Little Darlings (SoDo),Strip Club,2:00 AM,,,,Click link,https://www.google.com/maps/dir/?api=1&origin=Little+Red+Hen+Seattle&destination=Little+Darlings+(SoDo)+SoDo&travelmode=driving,"adult, dancey, high-energy, late-night, rowdy",47.6055,-122.3237
West Seattle,The Bridge,Bar,2:00 AM,,,,Click link,https://www.google.com/maps/dir/?api=1&origin=Little+Red+Hen+Seattle&destination=The+Bridge+Seattle&travelmode=driving,"drinks, social",47.566,-122.3885
West Seattle,Easy Street Records Cafe,Cafe / Bar,11:00 PM,,,,Click link,https://www.google.com/maps/dir/?api=1&origin=Little+Red+Hen+Seattle&destination=Easy+Street+Records+Cafe+Seattle&travelmode=driving,"drinks, social",47.5671,-122.3871
West Seattle,Corner Pocket,Dive Bar,2:00 AM,,,,Click link,https://www.google.com/maps/dir/?api=1&origin=Little+Red+Hen+Seattle&destination=Corner+Pocket+Seattle&travelmode=driving,"drinks, social",47.5709,-122.3869
West Seattle,Good Society Brewery,Brewery,11:00 PM,,,,Click link,https://www.google.com/maps/dir/?api=1&origin=Little+Red+Hen+Seattle&destination=Good+Society+Brewery+Seattle&travelmode=driving,"chill, social",47.5699,-122.3845
West Seattle,The Alley (WS),Bar,2:00 AM,,,,Click link,https://www.google.com/maps/dir/?api=1&origin=Little+Red+Hen+Seattle&destination=The+Alley+(WS)+Seattle&travelmode=driving,"drinks, social",47.5752,-122.3851
West Seattle,Supreme,Bar,1:00–2:00 AM,,,,Click link,https://www.google.com/maps/dir/?api=1&origin=Little+Red+Hen+Seattle&destination=Supreme+Seattle&travelmode=driving,"drinks, social",47.5751,-122.3831
West Seattle,Driftwood,Bar,2:00 AM,,,,Click link,https://www.google.com/maps/dir/?api=1&origin=Little+Red+Hen+Seattle&destination=Driftwood+Seattle&travelmode=driving,"drinks, social",47.5777,-122.3824
West Seattle,Prost!,Beer Hall,12:00 AM,,,,Click link,https://www.google.com/maps/dir/?api=1&origin=Little+Red+Hen+Seattle&destination=Prost!+Seattle&travelmode=driving,"lively, social",47.5788,-122.3809
West Seattle,The Skylark Cafe,Music Venue / Bar,Late,,,,Click link,https://www.google.com/maps/dir/?api=1&origin=Little+Red+Hen+Seattle&destination=The+Skylark+Cafe+Seattle&travelmode=driving,"drinks, live-music, loud, social",47.5838,-122.3814
West Seattle,Alki Beach bars (various),Area,Late,,,,Click link,https://www.google.com/maps/dir/?api=1&origin=Little+Red+Hen+Seattle&destination=Alki+Beach+bars+(various)+Seattle&travelmode=driving,"lively, social",47.5834,-122.3792
Georgetown,Slim's Last Chance,BBQ / Bar,12:00 AM,,,,Click link,https://www.google.com/maps/dir/?api=1&origin=Little+Red+Hen+Seattle&destination=Slim's+Last+Chance+Seattle&travelmode=driving,"drinks, social",47.5433,-122.3222
Georgetown,9LB Hammer,Bar,2:00 AM,,,,Click link,https://www.google.com/maps/dir/?api=1&origin=Little+Red+Hen+Seattle&destination=9LB+Hammer+Seattle&travelmode=driving,"drinks, social",47.548,-122.3225
Georgetown,Fonda La Catrina (Bar),Restaurant / Bar,11:00 PM,,,,Click link,https://www.google.com/maps/dir/?api=1&origin=Little+Red+Hen+Seattle&destination=Fonda+La+Catrina+(Bar)+Seattle&travelmode=driving,"drinks, food-focused, late-eats, social",47.5485,-122.3208
Georgetown,Shorty's (Georgetown),Bar,2:00 AM,,,,Click link,https://www.google.com/maps/dir/?api=1&origin=Little+Red+Hen+Seattle&destination=Shorty's+(Georgetown)+Seattle&travelmode=driving,"drinks, social",47.5502,-122.3196
Georgetown,Georgetown Liquor Company,Bar,2:00 AM,,,,Click link,https://www.google.com/maps/dir/?api=1&origin=Little+Red+Hen+Seattle&destination=Georgetown+Liquor+Company+Seattle&travelmode=driving,"drinks, social",47.5534,-122.3192
Georgetown,The Mix,Dive Bar,2:00 AM,,,,Click link,https://www.google.com/maps/dir/?api=1&origin=Little+Red+Hen+Seattle&destination=The+Mix+Seattle&travelmode=driving,"drinks, social",47.5551,-122.3181
SoDo,Monkey Loft,Club,2:00 AM,,,,Click link,https://www.google.com/maps/dir/?api=1&origin=Little+Red+Hen+Seattle&destination=Monkey+Loft+Seattle&travelmode=driving,"dancey, high-energy, late-night",47.5743,-122.3357
SoDo,The Showbox SoDo,Music Venue / Bar,Late,,,,Click link,https://www.google.com/maps/dir/?api=1&origin=Little+Red+Hen+Seattle&destination=The+Showbox+SoDo+Seattle&travelmode=driving,"drinks, live-music, loud, social",47.5778,-122.3354
SoDo,Hooverville (SoDo),Dive Bar,2:00 AM,,,,Click link,https://www.google.com/maps/dir/?api=1&origin=Little+Red+Hen+Seattle&destination=Hooverville+(SoDo)+Seattle&travelmode=driving,"drinks, social",47.5753,-122.3322
SoDo,Studio Seven,Nightclub,2:00 AM,,,,Click link,https://www.google.com/maps/dir/?api=1&origin=Little+Red+Hen+Seattle&destination=Studio+Seven+Seattle&travelmode=driving,"dancey, high-energy, late-night",47.5806,-122.3328
Greenwood,Baranof,Dive Bar,2:00 AM,,,,Click link,https://www.google.com/maps/dir/?api=1&origin=Little+Red+Hen+Seattle&destination=Baranof+Seattle&travelmode=driving,"drinks, social",47.6921,-122.3561
Greenwood,The Angry Beaver,Sports Bar,2:00 AM,,,,Click link,https://www.google.com/maps/dir/?api=1&origin=Little+Red+Hen+Seattle&destination=The+Angry+Beaver+Seattle&travelmode=driving,"drinks, group-friendly, social, sports",47.6968,-122.3564
Greenwood,Gainsbourg,Bistro / Bar,Late,,,,Click link,https://www.google.com/maps/dir/?api=1&origin=Little+Red+Hen+Seattle&destination=Gainsbourg+Seattle&travelmode=driving,"drinks, social",47.697,-122.3545
Greenwood,Yard of Ale,Dive Bar,2:00 AM,,,,Click link,https://www.google.com/maps/dir/?api=1&origin=Little+Red+Hen+Seattle&destination=Yard+of+Ale+Seattle&travelmode=driving,"drinks, social",47.6993,-122.3537
Greenwood,Draft Punk,Beer Bar,12:00 AM,,,,Click link,https://www.google.com/maps/dir/?api=1&origin=Little+Red+Hen+Seattle&destination=Draft+Punk+Seattle&travelmode=driving,"drinks, social",47.701,-122.3525
Shoreline,Driftwood Players Lounge,Bar,1:00–2:00 AM,,,,Click link,https://www.google.com/maps/dir/?api=1&origin=Little+Red+Hen+Seattle&destination=Driftwood+Players+Lounge+Seattle&travelmode=driving,"drinks, social",47.7571,-122.3461
Shoreline,Echo Lake Cafe (Bar),Restaurant / Bar,10:00 PM,,,,Click link,https://www.google.com/maps/dir/?api=1&origin=Little+Red+Hen+Seattle&destination=Echo+Lake+Cafe+(Bar)+Seattle&travelmode=driving,"drinks, food-focused, late-eats, social",47.7579,-122.3444
Shoreline,The Rez,Bar,2:00 AM,,,,Click link,https://www.google.com/maps/dir/?api=1&origin=Little+Red+Hen+Seattle&destination=The+Rez+Seattle&travelmode=driving,"drinks, social",47.7611,-122.3441
Lake City,Hellbent Brewing (Taproom),Brewery,11:00 PM,,,,Click link,https://www.google.com/maps/dir/?api=1&origin=Little+Red+Hen+Seattle&destination=Hellbent+Brewing+(Taproom)+Seattle&travelmode=driving,"chill, social",47.7127,-122.2914
Lake City,Growler Guys,Beer Bar,11:00 PM,,,,Click link,https://www.google.com/maps/dir/?api=1&origin=Little+Red+Hen+Seattle&destination=Growler+Guys+Seattle&travelmode=driving,"drinks, social",47.7156,-122.2908
Central District,Neighbor Lady,Wine Bar,12:00 AM,,,,Click link,https://www.google.com/maps/dir/?api=1&origin=Little+Red+Hen+Seattle&destination=Neighbor+Lady+Seattle&travelmode=driving,"drinks, social",47.6129,-122.2999
Central District,The Royal Room,Music Venue / Bar,Late,,,,Click link,https://www.google.com/maps/dir/?api=1&origin=Little+Red+Hen+Seattle&destination=The+Royal+Room+Seattle&travelmode=driving,"drinks, live-music, loud, social",47.6152,-122.2991
Central District,Catfish Corner (Late),Restaurant,10:00 PM,,,,Click link,https://www.google.com/maps/dir/?api=1&origin=Little+Red+Hen+Seattle&destination=Catfish+Corner+(Late)+Seattle&travelmode=driving,"food-focused, late-eats",47.6142,-122.2966
Central District,Vito's Madrona,Bar,2:00 AM,,,,Click link,https://www.google.com/maps/dir/?api=1&origin=Little+Red+Hen+Seattle&destination=Vito's+Madrona+Seattle&travelmode=driving,"drinks, social",47.6192,-122.2971
First Hill,The Hideout,Cocktail Bar,2:00 AM,,,,Click link,https://www.google.com/maps/dir/?api=1&origin=Little+Red+Hen+Seattle&destination=The+Hideout+Seattle&travelmode=driving,"date-friendly, drinks, social, upscale",47.6133,-122.3267
First Hill,The Woods,Taproom,12:00 AM,,,,Click link,https://www.google.com/maps/dir/?api=1&origin=Little+Red+Hen+Seattle&destination=The+Woods+Seattle&travelmode=driving,"chill, social",47.6147,-122.3254
Beacon Hill,Oak,Bar,2:00 AM,,,,Click link,https://www.google.com/maps/dir/?api=1&origin=Little+Red+Hen+Seattle&destination=Oak+Seattle&travelmode=driving,"drinks, social",47.5799,-122.3115
Beacon Hill,Perihelion Brewery,Brewery,11:00 PM,,,,Click link,https://www.google.com/maps/dir/?api=1&origin=Little+Red+Hen+Seattle&destination=Perihelion+Brewery+Seattle&travelmode=driving,"chill, social",47.5813,-122.3102
Beacon Hill,Bar Del Corso (Bar),Restaurant / Bar,11:00 PM,,,,Click link,https://www.google.com/maps/dir/?api=1&origin=Little+Red+Hen+Seattle&destination=Bar+Del+Corso+(Bar)+Seattle&travelmode=driving,"drinks, food-focused, late-eats, social",47.5836,-122.3093
Beacon Hill,Ciudad,Restaurant / Bar,11:00 PM,,,,Click link,https://www.google.com/maps/dir/?api=1&origin=Little+Red+Hen+Seattle&destination=Ciudad+Seattle&travelmode=driving,"drinks, food-focused, late-eats, social",47.5868,-122.3089
Rainier Valley,The Royal Esquire Club,Bar,2:00 AM,,,,Click link,https://www.google.com/maps/dir/?api=1&origin=Little+Red+Hen+Seattle&destination=The+Royal+Esquire+Club+Seattle&travelmode=driving,"drinks, social",47.5415,-122.2867
Rainier Valley,Hilltop Ale House,Pub,12:00 AM,,,,Click link,https://www.google.com/maps/dir/?api=1&origin=Little+Red+Hen+Seattle&destination=Hilltop+Ale+House+Seattle&travelmode=driving,"drinks, social",47.542,-122.285
Rainier Valley,The Canterbury Ale House,Pub,12:00 AM,,,,Click link,https://www.google.com/maps/dir/?api=1&origin=Little+Red+Hen+Seattle&destination=The+Canterbury+Ale+House+Seattle&travelmode=driving,"drinks, social",47.5461,-122.2851
Rainier Valley,The Redwood,Bar,2:00 AM,,,,Click link,https://www.google.com/maps/dir/?api=1&origin=Little+Red+Hen+Seattle&destination=The+Redwood+Seattle&travelmode=driving,"drinks, social",47.5493,-122.2846
Rainier Valley,Sam Choy's Poke (Late),Restaurant,10:00 PM,,,,Click link,https://www.google.com/maps/dir/?api=1&origin=Little+Red+Hen+Seattle&destination=Sam+Choy's+Poke+(Late)+Seattle&travelmode=driving,"food-focused, late-eats",47.5495,-122.2827
University District,Blue Moon Tavern,Bar,2:00 AM,,,,Click link,https://www.google.com/maps/dir/?api=1&origin=Little+Red+Hen+Seattle&destination=Blue+Moon+Tavern+Seattle&travelmode=driving,"drinks, social",47.6648,-122.3154
University District,Earl's on the Ave,Bar,2:00 AM,,,,Click link,https://www.google.com/maps/dir/?api=1&origin=Little+Red+Hen+Seattle&destination=Earl's+on+the+Ave+Seattle&travelmode=driving,"drinks, social",47.662,-122.312
University District,Finn MacCool's,Pub,2:00 AM,,,,Click link,https://www.google.com/maps/dir/?api=1&origin=Little+Red+Hen+Seattle&destination=Finn+MacCool's+Seattle&travelmode=driving,"drinks, social",47.6682,-122.3131
University District,College Inn Pub,Pub,2:00 AM,,,,Click link,https://www.google.com/maps/dir/?api=1&origin=Little+Red+Hen+Seattle&destination=College+Inn+Pub+Seattle&travelmode=driving,"drinks, social",47.6705,-122.3123
University District,Thai Tom (Late),Restaurant,10:00 PM,,,,Click link,https://www.google.com/maps/dir/?api=1&origin=Little+Red+Hen+Seattle&destination=Thai+Tom+(Late)+Seattle&travelmode=driving,"food-focused, late-eats",47.6725,-122.3113
University District,Aladdin Gyro-Cery,Restaurant,2:00 AM,,,,Click link,https://www.google.com/maps/dir/?api=1&origin=Little+Red+Hen+Seattle&destination=Aladdin+Gyro-Cery+Seattle&travelmode=driving,"food-focused, late-eats",47.67,-122.308
Wallingford,Murphy's Pub,Pub,2:00 AM,,,,Click link,https://www.google.com/maps/dir/?api=1&origin=Little+Red+Hen+Seattle&destination=Murphy's+Pub+Seattle&travelmode=driving,"drinks, social",47.6636,-122.3368
Wallingford,The Octopus Bar,Bar,2:00 AM,,,,Click link,https://www.google.com/maps/dir/?api=1&origin=Little+Red+Hen+Seattle&destination=The+Octopus+Bar+Seattle&travelmode=driving,"drinks, social",47.6665,-122.3362
Wallingford,Sully's Snowgoose Saloon,Bar,2:00 AM,,,,Click link,https://www.google.com/maps/dir/?api=1&origin=Little+Red+Hen+Seattle&destination=Sully's+Snowgoose+Saloon+Seattle&travelmode=driving,"drinks, social",47.6661,-122.3341
Wallingford,Union Saloon,Bar,2:00 AM,,,,Click link,https://www.google.com/maps/dir/?api=1&origin=Little+Red+Hen+Seattle&destination=Union+Saloon+Seattle&travelmode=driving,"drinks, social",47.6696,-122.3338
Madison Valley,Bottlehouse,Wine Bar,12:00 AM,,,,Click link,https://www.google.com/maps/dir/?api=1&origin=Little+Red+Hen+Seattle&destination=Bottlehouse+Seattle&travelmode=driving,"drinks, social",47.6363,-122.2836
Madison Valley,The Lookout Landing,Bar,2:00 AM,,,,Click link,https://www.google.com/maps/dir/?api=1&origin=Little+Red+Hen+Seattle&destination=The+Lookout+Landing+Seattle&travelmode=driving,"drinks, social",47.6356,-122.2813
Madrona,Hi-Spot Cafe (Late),Restaurant,10:00 PM,,,,Click link,https://www.google.com/maps/dir/?api=1&origin=Little+Red+Hen+Seattle&destination=Hi-Spot+Cafe+(Late)+Seattle&travelmode=driving,"food-focused, late-eats",47.6126,-122.2893
Madrona,Vendemmia (Bar),Restaurant / Bar,11:00 PM,,,,Click link,https://www.google.com/maps/dir/?api=1&origin=Little+Red+Hen+Seattle&destination=Vendemmia+(Bar)+Seattle&travelmode=driving,"drinks, food-focused, late-eats, social",47.6185,-122.2903
Madrona,St. Clouds,Restaurant / Bar,11:00 PM,,,,Click link,https://www.google.com/maps/dir/?api=1&origin=Little+Red+Hen+Seattle&destination=St.+Clouds+Seattle&travelmode=driving,"drinks, food-focused, late-eats, social",47.619,-122.2885
South Lake Union,Flatstick Pub (SLU),Bar / Games,12:00 AM,,,,Click link,https://www.google.com/maps/dir/?api=1&origin=Little+Red+Hen+Seattle&destination=Flatstick+Pub+(SLU)+Seattle&travelmode=driving,"drinks, games, playful, social",47.6276,-122.3373
South Lake Union,Local 360 (Bar),Restaurant / Bar,11:00 PM,,,,Click link,https://www.google.com/maps/dir/?api=1&origin=Little+Red+Hen+Seattle&destination=Local+360+(Bar)+Seattle&travelmode=driving,"drinks, food-focused, late-eats, social",47.6335,-122.3383
South Lake Union,Teku Tavern,Beer Bar,12:00 AM,,,,Click link,https://www.google.com/maps/dir/?api=1&origin=Little+Red+Hen+Seattle&destination=Teku+Tavern+Seattle&travelmode=driving,"drinks, social",47.6343,-122.3367
South Lake Union,White Swan Public House,Pub,11:00 PM,,,,Click link,https://www.google.com/maps/dir/?api=1&origin=Little+Red+Hen+Seattle&destination=White+Swan+Public+House+Seattle&travelmode=driving,"drinks, social",47.6348,-122.3349
South Lake Union,The Wharf,Bar,1:00–2:00 AM,,,,Click link,https://www.google.com/maps/dir/?api=1&origin=Little+Red+Hen+Seattle&destination=The+Wharf+Seattle&travelmode=driving,"drinks, social",47.6377,-122.3344
Burien,Bison Creek Pizza (Bar),Restaurant / Bar,11:00 PM,,,,Click link,https://www.google.com/maps/dir/?api=1&origin=Little+Red+Hen+Seattle&destination=Bison+Creek+Pizza+(Bar)+Seattle&travelmode=driving,"drinks, food-focused, late-eats, social",47.4718,-122.3479
Burien,909 Coffee & Wine,Wine Bar,11:00 PM,,,,Click link,https://www.google.com/maps/dir/?api=1&origin=Little+Red+Hen+Seattle&destination=909+Coffee+&+Wine+Seattle&travelmode=driving,"drinks, social",47.472,-122.346
Burien,Classic Eats,Bar,2:00 AM,,,,Click link,https://www.google.com/maps/dir/?api=1&origin=Little+Red+Hen+Seattle&destination=Classic+Eats+Seattle&travelmode=driving,"drinks, social",47.4776,-122.3468
Burien,Smarty Pants Garage,Bar,2:00 AM,,,,Click link,https://www.google.com/maps/dir/?api=1&origin=Little+Red+Hen+Seattle&destination=Smarty+Pants+Garage+Seattle&travelmode=driving,"drinks, social",47.4766,-122.3443
Burien,Elliott Bay Brewing (Burien),Brewpub,11:00 PM,,,,Click link,https://www.google.com/maps/dir/?api=1&origin=Little+Red+Hen+Seattle&destination=Elliott+Bay+Brewing+(Burien)+Seattle&travelmode=driving,"drinks, social",47.4813,-122.3446
Renton,The Berliner Pub,Pub,12:00 AM,,,,Click link,https://www.google.com/maps/dir/?api=1&origin=Little+Red+Hen+Seattle&destination=The+Berliner+Pub+Seattle&travelmode=driving,"drinks, social",47.4878,-122.2194
Renton,Dubtown Brewing,Brewery,11:00 PM,,,,Click link,https://www.google.com/maps/dir/?api=1&origin=Little+Red+Hen+Seattle&destination=Dubtown+Brewing+Seattle&travelmode=driving,"chill, social",47.4895,-122.2182
Renton,Hop Garden,Beer Bar,12:00 AM,,,,Click link,https://www.google.com/maps/dir/?api=1&origin=Little+Red+Hen+Seattle&destination=Hop+Garden+Seattle&travelmode=driving,"drinks, social",47.49,-122.2165
Tukwila,Azteca (Bar),Restaurant / Bar,11:00 PM,,,,Click link,https://www.google.com/maps/dir/?api=1&origin=Little+Red+Hen+Seattle&destination=Azteca+(Bar)+Seattle&travelmode=driving,"drinks, food-focused, late-eats, social",47.4776,-122.2628
Tukwila,Great American Casino Tukwila,Casino / Bar,24h,,,,Click link,https://www.google.com/maps/dir/?api=1&origin=Little+Red+Hen+Seattle&destination=Great+American+Casino+Tukwila+Seattle&travelmode=driving,"drinks, social",47.4796,-122.2618
Northgate,Watershed Pub,Pub,2:00 AM,,,,Click link,https://www.google.com/maps/dir/?api=1&origin=Little+Red+Hen+Seattle&destination=Watershed+Pub+Seattle&travelmode=driving,"drinks, social",47.7119,-122.3299
Northgate,Bierstube,Pub,2:00 AM,,,,Click link,https://www.google.com/maps/dir/?api=1&origin=Little+Red+Hen+Seattle&destination=Bierstube+Seattle&travelmode=driving,"drinks, social",47.7127,-122.3284
Lake Forest Park,Third Place Commons (Bar),Restaurant / Bar,10:00 PM,,,,Click link,https://www.google.com/maps/dir/?api=1&origin=Little+Red+Hen+Seattle&destination=Third+Place+Commons+(Bar)+Seattle&travelmode=driving,"drinks, food-focused, late-eats, social",47.7574,-122.2812
Lake Forest Park,Elliott Bay Brewing (LFP),Brewpub,11:00 PM,,,,Click link,https://www.google.com/maps/dir/?api=1&origin=Little+Red+Hen+Seattle&destination=Elliott+Bay+Brewing+(LFP)+Seattle&travelmode=driving,"drinks, social",47.7594,-122.2802
Lake Forest Park,Stoup Brewing (Garden),Brewery,11:00 PM,,,,Click link,https://www.google.com/maps/dir/?api=1&origin=Little+Red+Hen+Seattle&destination=Stoup+Brewing+(Garden)+Seattle&travelmode=driving,"chill, social",47.7605,-122.2788
Magnolia,Magnolia Village Pub,Pub,2:00 AM,,,,Click link,https://www.google.com/maps/dir/?api=1&origin=Little+Red+Hen+Seattle&destination=Magnolia+Village+Pub+Seattle&travelmode=driving,"drinks, social",47.6409,-122.4005
Magnolia,The Lookout (Magnolia),Bar,2:00 AM,,,,Click link,https://www.google.com/maps/dir/?api=1&origin=Little+Red+Hen+Seattle&destination=The+Lookout+(Magnolia)+Seattle&travelmode=driving,"drinks, social",47.6435,-122.3997
Interbay,Slim's Tavern,Bar,2:00 AM,,,,Click link,https://www.google.com/maps/dir/?api=1&origin=Little+Red+Hen+Seattle&destination=Slim's+Tavern+Seattle&travelmode=driving,"drinks, social",47.6419,-122.3719
Interbay,Holy Mountain Brewing (Taproom),Brewery,11:00 PM,,,,Click link,https://www.google.com/maps/dir/?api=1&origin=Little+Red+Hen+Seattle&destination=Holy+Mountain+Brewing+(Taproom)+Seattle&travelmode=driving,"chill, social",47.6442,-122.3711
Interbay,Queen Anne Beerhall (Interbay side),Beer Hall,11:00 PM,,,,Click link,https://www.google.com/maps/dir/?api=1&origin=Little+Red+Hen+Seattle&destination=Queen+Anne+Beerhall+(Interbay+side)+Seattle&travelmode=driving,"lively, social",47.6423,-122.3682
White Center,Can Bar,Bar,2:00 AM,,,,Click link,https://www.google.com/maps/dir/?api=1&origin=Little+Red+Hen+Seattle&destination=Can+Bar+Seattle&travelmode=driving,"drinks, social",47.5191,-122.3541
White Center,Zippy's Giant Burgers (Late),Restaurant,10:00 PM,,,,Click link,https://www.google.com/maps/dir/?api=1&origin=Little+Red+Hen+Seattle&destination=Zippy's+Giant+Burgers+(Late)+Seattle&travelmode=driving,"food-focused, late-eats",47.5223,-122.3536
White Center,Boomerang Bar,Bar,2:00 AM,,,,Click link,https://www.google.com/maps/dir/?api=1&origin=Little+Red+Hen+Seattle&destination=Boomerang+Bar+Seattle&travelmode=driving,"drinks, social",47.5249,-122.3529
White Center,Beer Star,Beer Bar,11:00 PM,,,,Click link,https://www.google.com/maps/dir/?api=1&origin=Little+Red+Hen+Seattle&destination=Beer+Star+Seattle&travelmode=driving,"drinks, social",47.5257,-122.3513
White Center,Future Primitive Brewing,Brewery,11:00 PM,,,,Click link,https://www.google.com/maps/dir/?api=1&origin=Little+Red+Hen+Seattle&destination=Future+Primitive+Brewing+Seattle&travelmode=driving,"chill, social",47.5271,-122.35
Kent,The Harp Bar & Restaurant,Bar,2:00 AM,,,,Click link,https://www.google.com/maps/dir/?api=1&origin=Little+Red+Hen+Seattle&destination=The+Harp+Bar+&+Restaurant+Seattle&travelmode=driving,"drinks, social",47.3834,-122.2362
Kent,Cloud 9 Bar & Grill,Bar,2:00 AM,,,,Click link,https://www.google.com/maps/dir/?api=1&origin=Little+Red+Hen+Seattle&destination=Cloud+9+Bar+&+Grill+Seattle&travelmode=driving,"drinks, social",47.3836,-122.2343
Kent,Nana's Southern Kitchen (Bar),Restaurant / Bar,10:00 PM,,,,Click link,https://www.google.com/maps/dir/?api=1&origin=Little+Red+Hen+Seattle&destination=Nana's+Southern+Kitchen+(Bar)+Seattle&travelmode=driving,"drinks, food-focused, late-eats, social",47.3886,-122.2348
Auburn,Dave's of Auburn,Bar,2:00 AM,,,,Click link,https://www.google.com/maps/dir/?api=1&origin=Little+Red+Hen+Seattle&destination=Dave's+of+Auburn+Seattle&travelmode=driving,"drinks, social",47.3118,-122.2304
Auburn,The Brick Sports Bar & Grill,Sports Bar,2:00 AM,,,,Click link,https://www.google.com/maps/dir/?api=1&origin=Little+Red+Hen+Seattle&destination=The+Brick+Sports+Bar+&+Grill+Seattle&travelmode=driving,"drinks, group-friendly, social, sports",47.3123,-122.2286
Everett,The Independent Beer Bar,Beer Bar,12:00 AM,,,,Click link,https://www.google.com/maps/dir/?api=1&origin=Little+Red+Hen+Seattle&destination=The+Independent+Beer+Bar+Seattle&travelmode=driving,"drinks, social",47.9811,-122.2031
Everett,Scuttlebutt Brewing (Taproom),Brewery,11:00 PM,,,,Click link,https://www.google.com/maps/dir/?api=1&origin=Little+Red+Hen+Seattle&destination=Scuttlebutt+Brewing+(Taproom)+Seattle&travelmode=driving,"chill, social",47.9846,-122.2028
Everett,Tony V's Garage,Music Venue / Bar,Late,,,,Click link,https://www.google.com/maps/dir/?api=1&origin=Little+Red+Hen+Seattle&destination=Tony+V's+Garage+Seattle&travelmode=driving,"drinks, live-music, loud, social",47.9875,-122.2023
Everett,Madison Avenue Pub,Pub,2:00 AM,,,,Click link,https://www.google.com/maps/dir/?api=1&origin=Little+Red+Hen+Seattle&destination=Madison+Avenue+Pub+Seattle&travelmode=driving,"drinks, social",47.9853,-122.1992
Everett,Black Lab Gallery,Bar,11:00 PM,,,,Click link,https://www.google.com/maps/dir/?api=1&origin=Little+Red+Hen+Seattle&destination=Black+Lab+Gallery+Seattle&travelmode=driving,"drinks, social",47.987,-122.198
Skyway,Mac's Triangle Pub,Pub,2:00 AM,,,,Click link,https://www.google.com/maps/dir/?api=1&origin=Little+Red+Hen+Seattle&destination=Mac's+Triangle+Pub+Seattle&travelmode=driving,"drinks, social",47.4903,-122.2952
Skyway,Lariat Bar,Bar,2:00 AM,,,,Click link,https://www.google.com/maps/dir/?api=1&origin=Little+Red+Hen+Seattle&destination=Lariat+Bar+Seattle&travelmode=driving,"drinks, social",47.495,-122.2955
Skyway,7 Star Lounge,Bar,2:00 AM,,,,Click link,https://www.google.com/maps/dir/?api=1&origin=Little+Red+Hen+Seattle&destination=7+Star+Lounge+Seattle&travelmode=driving,"drinks, social",47.4979,-122.295
Skyway,Skyway Bar & Grill,Bar,2:00 AM,,,,Click link,https://www.google.com/maps/dir/?api=1&origin=Little+Red+Hen+Seattle&destination=Skyway+Bar+&+Grill+Seattle&travelmode=driving,"drinks, social",47.4963,-122.2922
Skyway,Club Rodeo,Nightclub,2:00 AM,,,,Click link,https://www.google.com/maps/dir/?api=1&origin=Little+Red+Hen+Seattle&destination=Club+Rodeo+Seattle&travelmode=driving,"dancey, high-energy, late-night",47.501,-122.2925
Columbia City,The Royal Room (Back Bar),Music Venue / Bar,Late,,,,Click link,https://www.google.com/maps/dir/?api=1&origin=Little+Red+Hen+Seattle&destination=The+Royal+Room+(Back+Bar)+Seattle&travelmode=driving,"drinks, live-music, loud, social",47.5624,-122.2882
Columbia City,Hitchcock (Bar),Restaurant / Bar,11:00 PM,,,,Click link,https://www.google.com/maps/dir/?api=1&origin=Little+Red+Hen+Seattle&destination=Hitchcock+(Bar)+Seattle&travelmode=driving,"drinks, food-focused, late-eats, social",47.5665,-122.2883
Columbia City,Geraldine's Counter (Late),Restaurant,10:00 PM,,,,Click link,https://www.google.com/maps/dir/?api=1&origin=Little+Red+Hen+Seattle&destination=Geraldine's+Counter+(Late)+Seattle&travelmode=driving,"food-focused, late-eats",47.5667,-122.2864
Columbia City,Bar Cotto,Wine Bar,12:00 AM,,,,Click link,https://www.google.com/maps/dir/?api=1&origin=Little+Red+Hen+Seattle&destination=Bar+Cotto+Seattle&travelmode=driving,"drinks, social",47.5687,-122.2854
Columbia City,Rookies Sports Bar,Sports Bar,2:00 AM,,,,Click link,https://www.google.com/maps/dir/?api=1&origin=Little+Red+Hen+Seattle&destination=Rookies+Sports+Bar+Seattle&travelmode=driving,"drinks, group-friendly, social, sports",47.5683,-122.2832
Crown Hill,Larsen's Bakery (Cafe Late),Cafe,10:00 PM,,,,Click link,https://www.google.com/maps/dir/?api=1&origin=Little+Red+Hen+Seattle&destination=Larsen's+Bakery+(Cafe+Late)+Seattle&travelmode=driving,"cozy, social",47.697,-122.3765
Crown Hill,Corner of Bitter & Sweet,Bar,2:00 AM,,,,Click link,https://www.google.com/maps/dir/?api=1&origin=Little+Red+Hen+Seattle&destination=Corner+of+Bitter+&+Sweet+Seattle&travelmode=driving,"drinks, social",47.6981,-122.3751
Crown Hill,Blue Star Cafe & Pub,Pub,2:00 AM,,,,Click link,https://www.google.com/maps/dir/?api=1&origin=Little+Red+Hen+Seattle&destination=Blue+Star+Cafe+&+Pub+Seattle&travelmode=driving,"drinks, social",47.6989,-122.3735
Crown Hill,Pono Ranch,Bar,2:00 AM,,,,Click link,https://www.google.com/maps/dir/?api=1&origin=Little+Red+Hen+Seattle&destination=Pono+Ranch+Seattle&travelmode=driving,"drinks, social",47.703,-122.3735
Crown Hill,North City Bistro (Bar),Restaurant / Bar,11:00 PM,,,,Click link,https://www.google.com/maps/dir/?api=1&origin=Little+Red+Hen+Seattle&destination=North+City+Bistro+(Bar)+Seattle&travelmode=driving,"drinks, food-focused, late-eats, social",47.7038,-122.3719
Green Lake,Spuds Fish & Chips (Late),Restaurant,10:00 PM,,,,Click link,https://www.google.com/maps/dir/?api=1&origin=Little+Red+Hen+Seattle&destination=Spuds+Fish+&+Chips+(Late)+Seattle&travelmode=driving,"food-focused, late-eats",47.6824,-122.3412
Green Lake,The Green Lake Bar,Bar,2:00 AM,,,,Click link,https://www.google.com/maps/dir/?api=1&origin=Little+Red+Hen+Seattle&destination=The+Green+Lake+Bar+Seattle&travelmode=driving,"drinks, social",47.6823,-122.3392
Green Lake,72nd Street Ale House,Pub,2:00 AM,,,,Click link,https://www.google.com/maps/dir/?api=1&origin=Little+Red+Hen+Seattle&destination=72nd+Street+Ale+House+Seattle&travelmode=driving,"drinks, social",47.6852,-122.3386
Green Lake,Teddy's Tavern,Dive Bar,2:00 AM,,,,Click link,https://www.google.com/maps/dir/?api=1&origin=Little+Red+Hen+Seattle&destination=Teddy's+Tavern+Seattle&travelmode=driving,"drinks, social",47.6902,-122.3391
Green Lake,Atlantic Crossing (Late),Pub,11:00 PM,,,,Click link,https://www.google.com/maps/dir/?api=1&origin=Little+Red+Hen+Seattle&destination=Atlantic+Crossing+(Late)+Seattle&travelmode=driving,"drinks, social",47.6901,-122.3371
